Year,Cases,Loss_Eok,Arrest_Cases,Arrest_People,Type,Loss_Man,Loss_Per_Case_Man,Arrest_People_per_ArrestCase,Arrest_Coverage,Loss_Eok_YoY,Cases_YoY,Loss_Per_Case_Man_YoY,Arrest_Cases_YoY,Arrest_People_YoY,Loss_Eok_Index,Cases_Index,Loss_Per_Case_Index,Types_Total_Cases,Types_Total_Loss_Eok,Share_Cases_in_Types,Share_Loss_in_Types,Mix_Severity_Index,All_Total_Cases,Contribution_per_AllCase_Man
2016,3384,541,3860,5682,기관사칭형,5410000,1598.6997635933806,1.472020725388601,1.1406619385342789,,,,,,100.0,100.0,100.0,17040,1468,0.19859154929577466,0.3685286103542234,1.85571144220921,17040,317.48826291079814
2017,5685,967,3776,4925,기관사칭형,9670000,1700.967458223395,1.304290254237288,0.6642040457343887,0.7874306839186691,0.6799645390070923,0.06396929364657455,-0.021761658031088094,-0.13322773671242516,178.7430683918669,167.99645390070924,106.39692936465745,24259,2470,0.23434601591162044,0.39149797570850203,1.6705979582607828,24259,398.6149470299683
2018,6221,1430,4673,5491,기관사칭형,14300000,2298.6658093554092,1.1750481489407234,0.7511654074907571,0.47880041365046533,0.09428320140721191,0.3513872932973632,0.23755296610169485,0.11492385786802028,264.3253234750462,183.8356973995272,143.78345838925517,34132,4040,0.18226297902261807,0.35396039603960394,1.9420312228940302,34132,418.9616781905543
2019,7219,2506,5487,6045,기관사칭형,25060000,3471.3949300457125,1.1016949152542372,0.7600775730710625,0.7524475524475525,0.16042436907249646,0.5101781720149914,0.17419216777230906,0.10089236933163348,463.2162661737523,213.3274231678487,217.13864035627896,37667,6398,0.19165317121087425,0.3916849015317287,2.043717299625381,37667,665.3038468686118
2020,7844,2144,4297,4797,기관사칭형,21440000,2733.299337072922,1.116360251338143,0.5478072412034676,-0.14445331205107736,0.08657708823936838,-0.21262219017041406,-0.21687625296154545,-0.20645161290322578,396.3031423290203,231.79669030732862,170.9701470731011,31681,7000,0.2475931946592595,0.3062857142857143,1.2370522328258176,31681,676.7463148259209
2021,7017,1741,1954,1895,기관사칭형,17410000,2481.1172865897106,0.9698055271238485,0.2784665811600399,-0.18796641791044777,-0.10543090260071397,-0.09226287332044347,-0.5452641377705376,-0.6049614342297269,321.8114602587801,207.35815602836877,155.19595005211795,30982,7744,0.22648634691110966,0.22481921487603307,0.9926391499628412,30982,561.9391904977083
2022,8930,2077,4103,4500,기관사칭형,20770000,2325.8678611422174,1.096758469412625,0.45946248600223966,0.19299253302699593,0.2726236283311956,-0.0625723847423929,1.0997952917093143,1.37467018469657,383.91866913123846,263.88888888888886,145.48496935499566,21832,5438,0.4090326126786369,0.38194189040088267,0.933768796330579,21832,951.3558079882741
2023,11314,2364,7352,8039,기관사칭형,23640000,2089.446703199576,1.093443960826986,0.6498143892522539,0.13818006740491096,0.2669652855543112,-0.10164857681404849,0.7918596149159152,0.7864444444444445,436.9685767097967,334.338061465721,130.69662927222487,18902,4472,0.598560998836102,0.5286225402504472,0.8831556704802856,18902,1250.6613056819385
2024,9519,5349,7150,7449,기관사칭형,53490000,5619.287740308856,1.0418181818181818,0.7511293203067549,1.262690355329949,-0.15865299628778506,1.6893663914490014,-0.0274755168661589,-0.0733922129618112,988.724584103512,281.29432624113474,351.4911222403913,20839,8545,0.4567877537309852,0.6259801053247513,1.3703959885347718,20839,2566.821824463746
2016,13656,927,7526,9884,대출사기형,9270000,678.8224956063269,1.313313845336168,0.5511130638547159,,,,,,100.0,100.0,100.0,17040,1468,0.8014084507042254,0.6314713896457765,0.7879519976247826,17040,544.0140845070423
2017,18574,1503,15842,20548,대출사기형,15030000,809.1956498331,1.2970584522156294,0.852912673629805,0.6213592233009708,0.36013473930872886,0.19205779871853434,1.1049694392771725,1.0789154188587617,162.1359223300971,136.0134739308729,119.20577987185344,24259,2470,0.7656539840883796,0.608502024291498,0.7947480675830435,24259,619.5638732016984
2018,27911,2610,25279,32133,대출사기형,26100000,935.1151875604601,1.271134142964516,0.9057002615456272,0.7365269461077844,0.5026919349628514,0.15561074476034498,0.5956949880065647,0.5638018298617871,281.5533980582524,204.3863503222027,137.75548005745028,34132,4040,0.8177370209773819,0.6460396039603961,0.7900334549953868,34132,764.6783077463964
2019,30448,3892,33791,42668,대출사기형,38920000,1278.2448765107724,1.2627030866206979,1.109793746715712,0.4911877394636015,0.09089606248432514,0.3669384194747958,0.33672218046599944,0.32785609809230376,419.848975188781,222.96426479203282,188.30325818372285,37667,6398,0.8083468287891258,0.6083150984682714,0.752542196991736,37667,1033.2651923434305
2020,23837,4856,29754,34527,대출사기형,48560000,2037.1691068506943,1.1604154063319219,1.248227545412594,0.2476875642343268,-0.21712427745664742,0.5937236630367406,-0.11946968127607938,-0.19079872503984252,523.8403451995686,174.55330990041006,300.1033583943159,31681,7000,0.7524068053407406,0.6937142857142857,0.921993635344812,31681,1532.7798996243805
2021,23965,6003,25693,24502,대출사기형,60030000,2504.9029835176298,0.9536449616627097,1.0721051533486334,0.23620263591433277,0.005369803247052829,0.22959992623784475,-0.13648585064193053,-0.2903524777710198,647.5728155339806,175.49062683069712,369.0070673453802,30982,7744,0.7735136530888903,0.7751807851239669,1.0021552716340807,30982,1937.5766574139823
2022,12902,3361,20419,20530,대출사기형,33610000,2605.022477135328,1.005436113423772,1.5826228491706713,-0.4401132766949858,-0.46163154600459,0.03996940970428331,-0.20526991787646442,-0.16210921557423885,362.56742179072273,94.47861745752782,383.75606200388387,21832,5438,0.5909673873213631,0.6180581095991173,1.045841315204459,21832,1539.48332722609
2023,7588,2108,13639,14347,대출사기형,21080000,2778.0706378492355,1.0519099640736125,1.7974433315761729,-0.37280571258554007,-0.41187412804216406,0.06642866318151852,-0.33204368480336943,-0.30116902094495857,227.4002157497303,55.565319273579384,409.2484641906058,18902,4472,0.401439001163898,0.47137745974955275,1.1742193916955779,18902,1115.2259020209501
2024,11320,3196,14029,14384,대출사기형,31960000,2823.321554770318,1.02530472592487,1.2393109540636043,0.5161290322580645,0.4918292040063257,0.016288612789239876,0.028594471735464477,0.0025789363630026596,344.7680690399137,82.89396602226128,415.9145539583976,20839,8545,0.5432122462690149,0.3740198946752487,0.6885336205951862,20839,1533.662843706512
